<package version="0.0">
  <name>org.openxtalk.widget.vectorpathdrawing</name>
  <title>VectorDrawWidget</title>
  <author>Paul McClernan for OpenXtalk IDE</author>
  <version>0.1</version>
  <license>community</license>
  <type>widget</type>
  <requires name="com.livecode.canvas"/>
  <requires name="com.livecode.widget"/>
  <requires name="com.livecode.array"/>
  <requires name="com.livecode.list"/>
  <requires name="com.livecode.binary"/>
  <requires name="com.livecode.string"/>
  <requires name="com.livecode.typeconvert"/>
  <requires name="com.livecode.engine"/>
  <requires name="com.livecode.arithmetic"/>
  <requires name="com.livecode.logic"/>
  <requires name="com.livecode.char"/>
  <requires name="com.livecode.type"/>
  <requires name="com.livecode.byte"/>
  <metadata key="preferredSize">600,400</metadata>
  <property name="lineSize" get="real" set="number"/>
  <metadata key="lineSize.editor">com.livecode.pi.number</metadata>
  <metadata key="lineSize.default">2</metadata>
  <metadata key="lineSize.label">line thickness</metadata>
  <handler name="setLineSize" parameters="in number" return="nothing"/>
  <metadata key="foregroundColor.editor">com.livecode.pi.color</metadata>
  <metadata key="foregroundColor.default">180,100,120</metadata>
  <metadata key="foregroundColor.section">Colors</metadata>
  <metadata key="foregroundColor.label">line color</metadata>
  <metadata key="backgroundColor.editor">com.livecode.pi.color</metadata>
  <metadata key="backgroundColor.default">128,128,128</metadata>
  <metadata key="backgroundColor.section">Colors</metadata>
  <metadata key="backgroundColor.label">background color</metadata>
  <metadata key="borderColor.editor">com.livecode.pi.color</metadata>
  <metadata key="borderColor.default">32,32,32</metadata>
  <metadata key="borderColor.section">Colors</metadata>
  <metadata key="borderColor.label">border color</metadata>
  <property name="opaque" get="boolean" set="boolean"/>
  <metadata key="opaque.default">true</metadata>
  <metadata key="opaque.label">opaque</metadata>
  <handler name="setIsFilled" parameters="in boolean" return="any"/>
  <property name="SVGPaths" get="string" set="string"/>
  <metadata key="SVGPaths.default"></metadata>
  <metadata key="SVGPaths.label">SVGPaths</metadata>
  <metadata key="SVGPaths.editor">com.livecode.pi.string</metadata>
  <handler name="getSVGPaths" parameters="" return="string"/>
  <handler name="setSVGPaths" parameters="in string" return="any"/>
  <handler name="OnMouseUp" parameters="" return="any"/>
  <handler name="OnMouseDown" parameters="" return="any"/>
  <handler name="OnMouseMove" parameters="" return="any"/>
  <handler name="OnMouseCancel" parameters="" return="any"/>
  <handler name="OnMouseEnter" parameters="" return="any"/>
  <handler name="OnMouseLeave" parameters="" return="any"/>
  <handler name="OnCreate" parameters="" return="any"/>
  <handler name="OnGeometryChanged" parameters="" return="any"/>
  <handler name="OnPaint" parameters="" return="any"/>
  <handler name="OnOpen" parameters="" return="any"/>
  <handler name="hitTestPath" parameters="in Point,in Path,in number,in boolean" return="boolean"/>
</package>